_id;CÓDIGO;DESCRIPCION;LATITUD;LONGITUD;DIRECCIÓN;C.P.;POBLACION
1;70200;GUADALAJARA;40,534668;-3,2985719;CALLE FRANCISCO ARITIO, S/N;19004;Guadalajara
2;70105;AZUQUECA;40,56104;-3,265446;PASEO ESTACION FERROCARRIL, S/N;19200;Azuqueca de Henares
3;70108;COSLADA;40,4241947;-3,5602359;CALLE DOCTOR FLEMING, S/N;21820;Coslada
4;18001;MADRID-RECOLETOS;40,423371;-3,690995;PASEO DE RECOLETOS, S/N;28001;Madrid
5;18005;PIRAMIDES;40,402516;-3,711374;PASEO DE LAS ACACIAS - DOCTOR VALLEJO NAJERA, S/N;28005;Madrid
6;10000;MADRID-PRINCIPE PIO;40,421389;-3,718968;PASEO DE LA FLORIDA, 2;28008;Madrid
7;35609;EMBAJADORES;40,404609;-3,702592;GLORIETA EMBAJADORES, 6;28012;Madrid
8;18101;SOL;40,416856;-3,702904;PUERTA DEL SOL, S/N;28013;Madrid
9;70002;ASAMBLEA DE MADRID-ENTREVIAS;40,3814976;-3,667215;AVENIDA DE ENTREVIAS, S/N;28018;Madrid
10;37001;VILLAVERDE ALTO;40,341622;-3,712565;CALLE DOMINGO PARRAGA, 42;28021;Madrid
11;60100;VILLAVERDE BAJO;40,3555397;-3,6832514;CALLE ESTACION FERROCARRIL, S/N;28021;Madrid
12;60101;SAN CRISTOBAL INDUSTRIAL;40,3320318;-3,6963666;CALLE TRANSVERSAL SEXTA, S/N (POLIGONO INDUSTRIAL DE VILLAVERDE);28021;Madrid
13;60107;SAN CRISTOBAL DE LOS ANGELES;40,3419854;-3,683232;CARRETERA DE ANDALUCIA, KM 10.700;28021;Madrid
14;10001;ARAVACA;40,448345;-3,786191;AVENIDA DEL TALGO - CALLE DE LAS ROSAS, S/N;28023;Madrid
15;35603;CUATRO VIENTOS;40,377714;-3,791574;CALLE ROBERT DE CAPA, 26;28024;Madrid
16;35702;DOCE DE OCTUBRE;40,379224;-3,698976;CALLE TOMELLOSO, 59;28026;Madrid
17;70001;VALLECAS;40,382264;-3,624931;Avenida de la Democracia, 1;28031;Madrid
18;70003;EL POZO;40,3765168;-3,6564132;CAMINO DE HORMIGUERAS, S/N;28031;Madrid
19;70109;SANTA EUGENIA;40,3877971;-3,6087501;AVENIDA SANTA EUGENIA, 9;28031;Madrid
20;17001;FUENCARRAL;40,5024656;-3,6817503;CALLE ANTONIO CABEZON, S/N;28034;Madrid
21;97200;Mirasierra;40,499759;-3,709755;CALLE DEL MONASTERIO DE LA HUELGAS, S/N;28034;Madrid
22;97201;RAMON Y CAJAL;40,4880223;-3,6935145;CARRETERA M-607 A COLMENAR, KM. 6.100;28034;Madrid
23;97100;PITIS;40,4956316;-3,7256015;CALLE GLORIA FUERTES, S/N;28035;Madrid
24;17000;MADRID-CHAMARTIN;40,4732797;-3,6818974;CALLE AGUSTIN DE FOXA, S/N;28036;Madrid
25;35703;ORCASITAS;40,367081;-3,704244;CALLE CAMPOTEJAR, 25;28041;Madrid
26;35704;PUENTE ALCOCER;40,350418;-3,705122;CALLE ALCOCER, 54;28041;Madrid
27;98305;AEROPUERTO T-4;40,491691;-3,593988;CARRETERA M-12 - TERMINAL AEROPUERTO T4 - BARAJAS;28042;Madrid
28;35601;FANJUL;40,38367;-3,768496;AVENIDA DE LAS AGUILAS, 25;28044;Madrid
29;35602;LAS AGUILAS;40,381009;-3,780187;AVENIDA DE LAS AGUILAS, 144;28044;Madrid
30;18000;MADRID-ATOCHA CERCANIAS;40,406556;-3,689508;PLAZA DEL EMPERADOR CARLOS V, S/N;28045;Madrid
31;18003;MENDEZ ALVARO;40,395419;-3,678137;CALLE DEL OMBU, S/N;28045;Madrid
32;18004;DELICIAS;40,400381;-3,692712;PASEO DE LAS DELICIAS, 61;28045;Madrid
33;35701;MENDEZ ALVARO;40,395735;-3,677847;CALLE PEDRO BOSCH, S/N;28045;Madrid
34;18002;MADRID-NUEVOS MINISTERIOS;40,446612;-3,692207;CALLE RAIMUNDO FERNANDEZ VILLAVERDE, 69;28046;Madrid
35;35600;ALUCHE;40,385738;-3,760807;AVENIDA DE LOS POBLADOS, S/N;28047;Madrid
36;35608;LAGUNA;40,399006;-3,744225;CALLE ALHAMBRA, S/N;28047;Madrid
37;17003;EL GOLOSO;40,558808;-3,713966;CARRETERA COLMENAR VIEJO, KM 18;28049;Madrid
38;17009;UNIVERSIDAD-CANTOBLANCO;40,543818;-3,700217;CARRETERA M-607 DE COLMENAR VIEJO KM 15.600 - ESTACION FERROCARRIL, S/N;28049;Madrid
39;19001;UNIVERSIDAD PONTIFICIA DE COMILLAS;40,55412;-3,683267;CARRETERA M-616 - ESTACION FERROCARRIL, S/N;28049;Alcobendas
40;98003;FUENTE DE LA MORA;40,484729;-3,662833;CALLE DULCE CHACON, S/N;28050;Madrid
41;70100;VICALVARO;40,401043;-3,5952733;CALLE SAN CIPRIANO, 85;28052;Madrid
42;98304;VALDEBEBAS;40,48207;-3,616414;AVENIDA DE LAS FUERZAS ARMADAS, S/N;28055;Madrid
43;19002;VALDELASFUENTES;40,547425;-3,654149;CALLE MARQUES DE LA VALDAVIA, S/N;28100;Alcobendas
44;19003;ALCOBENDAS SAN SEBASTIAN DE LOS REYES;40,546744;-3,635149;AVENIDA DE ESPAÑA, 52;28100;San Sebastián de los Reyes
45;10007;MAJADAHONDA;40,474347;-3,845334;CARRETERA DEL PLANTIO, S/N;28221;Majadahonda
46;10002;POZUELO;40,447225;-3,800145;CALLE ANTONIO DIAZ, 1;28224;Pozuelo de Alarcón
47;10010;EL BARRIAL-CENTRO COMERCIAL-POZUELO;40,465299;-3,807828;CALLE RAFAEL BOTI, 62;28224;Pozuelo de Alarcón
48;10005;LAS ROZAS;40,494215;-3,868181;CALLE SAN SEBASTIAN, S/N;28230;Rozas de Madrid, Las
49;10100;PINAR DE LAS ROZAS;40,522282;-3,882258;AVENIDA DE LOS BOMBEROS, S/N;28230;Rozas de Madrid, Las
50;10103;TORRELODONES;40,574559;-3,956577;PLAZA SALVADOR SANCHEZ FRASCUELO, 1;28250;Torrelodones
51;10203;EL ESCORIAL;40,585279;-4,132418;CALLE SANTA ROSA, 85;28280;Escorial, El
52;10101;LAS MATAS;40,552415;-3,896791;PLAZA DEL FERROCARRIL, S/N;28290;Rozas de Madrid, Las
53;10201;SAN YAGO;40,617864;-4,031106;AVENIDA SALTOS DEL SIL, 1;28292;Galapagar
54;10202;LAS ZORRERAS-NAVALQUEJIGO;40,609265;-4,046336;CALLE ESTACION FERROCARRIL, S/N;28292;Escorial, El
55;60200;ARANJUEZ;40,0347255;-3,6182069;PASEO ESTACION FERROCARRIL, S/N;28300;Aranjuez
56;60103;PINTO;40,2429829;-3,7036534;CALLE CRISTO, S/N;28320;Pinto
57;60104;VALDEMORO;40,1958184;-3,6646737;PLAZA ESTACION FERROCARRIL, S/N;28340;Valdemoro
58;60105;CIEMPOZUELOS;40,1590641;-3,610221;AVENIDA DE SAN JUAN DE DIOS, S/N;28350;Ciempozuelos
59;10200;VILLALBA DE GUADARRAMA;40,626522;-4,00812;PLAZA ESTACION FERROCARRIL, S/N;28400;Collado Villalba
60;12001;LOS NEGRALES;40,63856;-4,021915;CALLE PARALELA, 11;28409;Alpedrete
61;10104;GALAPAGAR-LA NAVATA;40,600159;-3,981913;CARRETERA DE GALAPAGAR A LA NAVATA, S/N;28420;Galapagar
62;12002;ALPEDRETE;40,658096;-4,034996;CAMINO DE LA ESTACION, 34;28439;Alpedrete
63;12004;COLLADO MEDIANO;40,692757;-4,035894;CALLE REAL, 73;28450;Collado Mediano
64;12005;LOS MOLINOS-GUADARRAMA;40,706598;-4,067179;PASEO PEDRO GUTIERREZ, S/N;28460;Molinos, Los
65;12006;CERCEDILLA;40,737516;-4,066481;CALLE EMILIO SERRANO, 30;28470;Cercedilla
66;12020;PUERTO DE NAVACERRADA;40,784445;-4,004772;CALLE VITORIA, 1;28470;Cercedilla
67;17004;TRES CANTOS;40,598596;-3,7156;PLAZA ESTACION FERROCARRIL, 1;28760;Tres Cantos
68;17005;COLMENAR VIEJO;40,645211;-3,776617;AVENIDA DE LA LIBERTAD, S/N;28770;Colmenar Viejo
69;70111;LA GARENA;40,4807624;-3,3919677;CALLE FAUSTO ELHUYAR, S/N;28806;Alcalá de Henares
70;70103;ALCALA DE HENARES;40,488976;-3,3664702;PASEO ESTACION FERROCARRIL, S/N;28807;Alcalá de Henares
71;70107;ALCALA DE HENARES-UNIVERSIDAD;40,5054503;-3,3353684;CARRETERA CAMPUS UNIVERSITARIO DE ALCALA, S/N;28807;Alcalá de Henares
72;70101;SAN FERNANDO DE HENARES;40,4424319;-3,5342411;AVENIDA DE SAN PABLO, S/N;28830;San Fernando de Henares
73;70102;TORREJON DE ARDOZ;40,4547456;-3,4797065;PLAZA ESTACION FERROCARRIL, S/N;28850;Torrejón de Ardoz
74;70112;SOTO DEL HENARES;40,464383;-3,440614;AVENIDA JORGE OTEIZA, S/N;28850;Torrejón de Ardoz
75;70104;MECO;40,534668;-3,2985719;CARRETERA ESTACION FERROCARRIL, S/N;28880;Meco
76;37011;GETAFE-SECTOR 3;40,288252;-3,737529;CAMINO VIEJO DE TOLEDO, S/N;28901;Getafe
77;37002;GETAFE-CENTRO;40,309974;-3,733989;PASEO ESTACION FERROCARRIL, S/N;28902;Getafe
78;37010;LAS MARGARITAS;40,323041;-3,727278;CALLE MADRID, 155;28903;Getafe
79;60102;GETAFE-INDUSTRIAL;40,3055338;-3,7073714;AVENIDA DE LOS ANGELES, S/N;28903;Getafe
80;60109;EL CASAR;40,3184029;-3,7092335;AVENIDA DEL CASAR, S/N;28903;Getafe
81;35001;LEGANES;40,328633;-3,771162;CALLE VIRGEN DEL CAMINO, 2;28911;Leganés
82;35011;PARQUE POLVORANCA;40,312544;-3,783546;CALLE ARGANDA DEL REY, 6;28914;Leganés
83;35009;ZARZAQUEMADA;40,3409732;-3,7482259;CALLE DEL RONCAL, 7;28915;Leganés
84;35605;ALCORCON;40,350199;-3,831678;AVENIDA DE MOSTOLES, 4;28922;Alcorcón
85;35610;LAS RETAMAS;40,341869;-3,842311;AVENIDA DE MOSTOLES, S/N;28922;Alcorcón
86;35604;SAN JOSE DE VALDERAS;40,356574;-3,815577;AVENIDA DE LISBOA, S/N;28924;Alcorcón
87;35606;MOSTOLES;40,328724;-3,863478;PASEO DE GOYA, S/N;28932;Móstoles
88;35607;MOSTOLES-EL SOTO;40,330971;-3,882441;CALLE GRANADA, 10;28935;Móstoles
89;35002;FUENLABRADA;40,283135;-3,799565;PASEO DE ROMA, 1;28944;Fuenlabrada
90;35010;LA SERNA-FUENLABRADA;40,296725;-3,792477;CALLE DE BARCELONA, 28;28945;Fuenlabrada
91;35012;HUMANES;40,255565;-3,828334;CALLE ESTACION FERROCARRIL, 5;28970;Humanes de Madrid
92;37012;PARLA;40,241032;-3,769312;CALLE REAL, S/N;28981;Parla
93;12023;LOS COTOS;40,822239;-3,964546;CARRETERA C-604 - ESTACION FERROCARRIL, S/N;40100;Real Sitio de San Ildefonso
